customer_id,Name,Address,Contact,Age,Gender
1,Aarti Panchal,6649 N Blue Gum St,504-621-8927,31,Female
2,Aastha Behl,4 B Blue Ridge Blvd,810-292-9388,null,Female
3,Abhinaw Sinha,8 W Cerritos Ave #54,856-636-8749,28,Male
4,Abhishek Dabb,639 Main St,907-385-4412,39,Male
5,Abhishek Kumar Preetam,34 Center St,513-570-1893,null,Male
6,Addi Studdeard,3 Mcauley Dr,419-503-2484,38,Female
7,Addia Penwright,7 Eads St,773-573-6914,34,Male
8,Addy Pimblett,7 W Jackson Blvd,408-752-3500,41,Male
9,Adesh Doifode,5 Boston Ave #88,605-414-2147,37,Male
10,Adey Ryal,228 Runamuck Pl #2808,410-655-8723,32,Female
11,Adi Seawright,2371 Jerrold Ave,215-874-1229,33,Female
12,Aditi Chauhan,37275 St  Rt 17m M,631-335-3414,null,Female
13,Aditi Rakesh Trivedi,25 E 75th St #69,310-498-5651,30,Female
14,Aditi Ramesh Karle,98 Connecticut Ave Nw,440-780-8425,26,Female
15,Adolph McNalley,56 E Morehead St,956-537-6195,null,Male
16,Adrianne Gave,73 State Road 434 E,602-277-4385,null,Male
17,Aeriell Cuell,69734 E Carrillo St,931-313-9635,34,Male
18,Aher Sachin Shivaji,322 New Horizon Blvd,414-661-9598,36,Male
19,Ajay Kumar Varshney,1 State Route 27,313-288-7937,34,Male
20,Akella Katyayani Naga Subhadra,394 Manchester Blvd,815-828-2147,36,Female
21,Akshay Rana,6 S 33rd St,610-545-3615,27,Male
22,Aldrich Glenny,6 Greenleaf Ave,408-540-1785,31,Male
23,Alexine Portail,618 W Yakima Ave,972-303-9197,33,Female
24,Alford Gerardi,74 S Westgate St,518-966-7987,26,Female
